country,year,forv_kv
jrbk_serv,2003,265
jrbk_serv,2004,217
jrbk_serv,2005,223
jrbk_serv,2006,229
jrbk_serv,2007,957
jrbk_serv,2008,279
jrbk_serv,2009,313
jrbk_serv,2010,368
jrbk_serv,2011,418
jrbk_serv,2012,434
jrbk_serv,2013,453
jrbk_serv,2014,462
jrbk_serv,2015,497
jrbk_serv,2016,548
jrbk_serv,2017,570
jrbk_serv,2018,581
jrbk_serv,2019,567
jrbk_serv,2020,597
jrbk_serv,2021,644
jrbk_serv,2022,
jrbk_serv,2023,
skgb,2003,332
skgb,2004,357
skgb,2005,475
skgb,2006,514
skgb,2007,644
skgb,2008,774
skgb,2009,805
skgb,2010,887
skgb,2011,1101
skgb,2012,1119
skgb,2013,1122
skgb,2014,1221
skgb,2015,1331
skgb,2016,1386
skgb,2017,1302
skgb,2018,1351
skgb,2019,1398
skgb,2020,1420
skgb,2021,1427
skgb,2022,
skgb,2023,
fsk_vatn,2003,0
fsk_vatn,2004,
fsk_vatn,2005,
fsk_vatn,2006,
fsk_vatn,2007,
fsk_vatn,2008,
fsk_vatn,2009,
fsk_vatn,2010,
fsk_vatn,2011,
fsk_vatn,2012,
fsk_vatn,2013,
fsk_vatn,2014,
fsk_vatn,2015,
fsk_vatn,2016,
fsk_vatn,2017,
fsk_vatn,2018,
fsk_vatn,2019,
fsk_vatn,2020,
fsk_vatn,2021,
fsk_vatn,2022,
fsk_vatn,2023,
utv_min,2003,12
utv_min,2004,13
utv_min,2005,12
utv_min,2006,10
utv_min,2007,10
utv_min,2008,6
utv_min,2009,6
utv_min,2010,6
utv_min,2011,5
utv_min,2012,6
utv_min,2013,5
utv_min,2014,5
utv_min,2015,5
utv_min,2016,7
utv_min,2017,7
utv_min,2018,12
utv_min,2019,13
utv_min,2020,9
utv_min,2021,9
utv_min,2022,
utv_min,2023,
livs_dk,2003,27
livs_dk,2004,28
livs_dk,2005,35
livs_dk,2006,36
livs_dk,2007,40
livs_dk,2008,47
livs_dk,2009,55
livs_dk,2010,45
livs_dk,2011,58
livs_dk,2012,63
livs_dk,2013,57
livs_dk,2014,51
livs_dk,2015,66
livs_dk,2016,61
livs_dk,2017,45
livs_dk,2018,47
livs_dk,2019,59
livs_dk,2020,59
livs_dk,2021,52
livs_dk,2022,
livs_dk,2023,
tilv_txtl,2003,59
tilv_txtl,2004,57
tilv_txtl,2005,59
tilv_txtl,2006,54
tilv_txtl,2007,64
tilv_txtl,2008,69
tilv_txtl,2009,58
tilv_txtl,2010,62
tilv_txtl,2011,61
tilv_txtl,2012,57
tilv_txtl,2013,51
tilv_txtl,2014,52
tilv_txtl,2015,53
tilv_txtl,2016,52
tilv_txtl,2017,28
tilv_txtl,2018,29
tilv_txtl,2019,31
tilv_txtl,2020,30
tilv_txtl,2021,30
tilv_txtl,2022,
tilv_txtl,2023,
ind_tra,2003,172
ind_tra,2004,174
ind_tra,2005,118
ind_tra,2006,212
ind_tra,2007,226
ind_tra,2008,240
ind_tra,2009,217
ind_tra,2010,219
ind_tra,2011,223
ind_tra,2012,200
ind_tra,2013,208
ind_tra,2014,202
ind_tra,2015,197
ind_tra,2016,198
ind_tra,2017,200
ind_tra,2018,214
ind_tra,2019,232
ind_tra,2020,238
ind_tra,2021,240
ind_tra,2022,
ind_tra,2023,
msa_ppr,2003,162
msa_ppr,2004,156
msa_ppr,2005,158
msa_ppr,2006,156
msa_ppr,2007,158
msa_ppr,2008,155
msa_ppr,2009,83
msa_ppr,2010,76
msa_ppr,2011,74
msa_ppr,2012,81
msa_ppr,2013,73
msa_ppr,2014,63
msa_ppr,2015,64
msa_ppr,2016,66
msa_ppr,2017,59
msa_ppr,2018,62
msa_ppr,2019,60
msa_ppr,2020,54
msa_ppr,2021,48
msa_ppr,2022,
msa_ppr,2023,
grf_rep,2003,4
grf_rep,2004,5
grf_rep,2005,6
grf_rep,2006,
grf_rep,2007,
grf_rep,2008,
grf_rep,2009,
grf_rep,2010,
grf_rep,2011,
grf_rep,2012,
grf_rep,2013,
grf_rep,2014,
grf_rep,2015,
grf_rep,2016,
grf_rep,2017,
grf_rep,2018,
grf_rep,2019,1
grf_rep,2020,1
grf_rep,2021,
grf_rep,2022,
grf_rep,2023,
tilv_sten,2003,145
tilv_sten,2004,149
tilv_sten,2005,144
tilv_sten,2006,152
tilv_sten,2007,163
tilv_sten,2008,187
tilv_sten,2009,175
tilv_sten,2010,187
tilv_sten,2011,217
tilv_sten,2012,222
tilv_sten,2013,219
tilv_sten,2014,214
tilv_sten,2015,228
tilv_sten,2016,244
tilv_sten,2017,242
tilv_sten,2018,238
tilv_sten,2019,237
tilv_sten,2020,238
tilv_sten,2021,260
tilv_sten,2022,
tilv_sten,2023,
gmi_pls,2003,172
gmi_pls,2004,175
gmi_pls,2005,160
gmi_pls,2006,154
gmi_pls,2007,157
gmi_pls,2008,131
gmi_pls,2009,114
gmi_pls,2010,132
gmi_pls,2011,129
gmi_pls,2012,127
gmi_pls,2013,120
gmi_pls,2014,126
gmi_pls,2015,127
gmi_pls,2016,122
gmi_pls,2017,120
gmi_pls,2018,113
gmi_pls,2019,108
gmi_pls,2020,109
gmi_pls,2021,109
gmi_pls,2022,
gmi_pls,2023,
ind_min,2003,117
ind_min,2004,112
ind_min,2005,53
ind_min,2006,120
ind_min,2007,127
ind_min,2008,124
ind_min,2009,102
ind_min,2010,102
ind_min,2011,102
ind_min,2012,101
ind_min,2013,84
ind_min,2014,88
ind_min,2015,92
ind_min,2016,93
ind_min,2017,90
ind_min,2018,102
ind_min,2019,97
ind_min,2020,102
ind_min,2021,107
ind_min,2022,
ind_min,2023,
stl_met,2003,58
stl_met,2004,59
stl_met,2005,68
stl_met,2006,74
stl_met,2007,81
stl_met,2008,92
stl_met,2009,51
stl_met,2010,71
stl_met,2011,68
stl_met,2012,78
stl_met,2013,83
stl_met,2014,83
stl_met,2015,83
stl_met,2016,74
stl_met,2017,72
stl_met,2018,86
stl_met,2019,82
stl_met,2020,82
stl_met,2021,83
stl_met,2022,
stl_met,2023,
ind_met_,2003,81
ind_met_,2004,83
ind_met_,2005,74
ind_met_,2006,83
ind_met_,2007,82
ind_met_,2008,82
ind_met_,2009,81
ind_met_,2010,73
ind_met_,2011,75
ind_met_,2012,78
ind_met_,2013,90
ind_met_,2014,80
ind_met_,2015,75
ind_met_,2016,68
ind_met_,2017,68
ind_met_,2018,70
ind_met_,2019,69
ind_met_,2020,69
ind_met_,2021,71
ind_met_,2022,
ind_met_,2023,
tilv_dat,2003,759
tilv_dat,2004,774
tilv_dat,2005,773
tilv_dat,2006,820
tilv_dat,2007,910
tilv_dat,2008,1002
tilv_dat,2009,947
tilv_dat,2010,725
tilv_dat,2011,553
tilv_dat,2012,498
tilv_dat,2013,507
tilv_dat,2014,506
tilv_dat,2015,459
tilv_dat,2016,457
tilv_dat,2017,400
tilv_dat,2018,406
tilv_dat,2019,367
tilv_dat,2020,352
tilv_dat,2021,420
tilv_dat,2022,
tilv_dat,2023,
elap,2003,1196
elap,2004,1259
elap,2005,1250
elap,2006,1403
elap,2007,1419
elap,2008,1520
elap,2009,1330
elap,2010,1185
elap,2011,1204
elap,2012,1161
elap,2013,950
elap,2014,925
elap,2015,882
elap,2016,848
elap,2017,882
elap,2018,942
elap,2019,954
elap,2020,1007
elap,2021,1140
elap,2022,
elap,2023,
ind_mot_vag,2003,46
ind_mot_vag,2004,43
ind_mot_vag,2005,41
ind_mot_vag,2006,44
ind_mot_vag,2007,47
ind_mot_vag,2008,45
ind_mot_vag,2009,43
ind_mot_vag,2010,39
ind_mot_vag,2011,42
ind_mot_vag,2012,62
ind_mot_vag,2013,109
ind_mot_vag,2014,133
ind_mot_vag,2015,119
ind_mot_vag,2016,52
ind_mot_vag,2017,62
ind_mot_vag,2018,58
ind_mot_vag,2019,60
ind_mot_vag,2020,51
ind_mot_vag,2021,55
ind_mot_vag,2022,
ind_mot_vag,2023,
ann_transp,2003,
ann_transp,2004,
ann_transp,2005,
ann_transp,2006,1
ann_transp,2007,0
ann_transp,2008,0
ann_transp,2009,0
ann_transp,2010,0
ann_transp,2011,
ann_transp,2012,0
ann_transp,2013,0
ann_transp,2014,0
ann_transp,2015,1
ann_transp,2016,1
ann_transp,2017,1
ann_transp,2018,1
ann_transp,2019,1
ann_transp,2020,0
ann_transp,2021,1
ann_transp,2022,
ann_transp,2023,
tilv_mob,2003,
tilv_mob,2004,
tilv_mob,2005,2
tilv_mob,2006,2
tilv_mob,2007,1
tilv_mob,2008,1
tilv_mob,2009,1
tilv_mob,2010,0
tilv_mob,2011,2
tilv_mob,2012,4
tilv_mob,2013,5
tilv_mob,2014,6
tilv_mob,2015,6
tilv_mob,2016,7
tilv_mob,2017,7
tilv_mob,2018,10
tilv_mob,2019,9
tilv_mob,2020,10
tilv_mob,2021,10
tilv_mob,2022,
tilv_mob,2023,
rep_inst,2003,121
rep_inst,2004,125
rep_inst,2005,133
rep_inst,2006,151
rep_inst,2007,175
rep_inst,2008,187
rep_inst,2009,181
rep_inst,2010,162
rep_inst,2011,166
rep_inst,2012,170
rep_inst,2013,141
rep_inst,2014,129
rep_inst,2015,125
rep_inst,2016,107
rep_inst,2017,81
rep_inst,2018,67
rep_inst,2019,65
rep_inst,2020,59
rep_inst,2021,50
rep_inst,2022,
rep_inst,2023,
el_gs_vrm,2003,1251
el_gs_vrm,2004,1519
el_gs_vrm,2005,1448
el_gs_vrm,2006,1497
el_gs_vrm,2007,1499
el_gs_vrm,2008,1571
el_gs_vrm,2009,1645
el_gs_vrm,2010,1605
el_gs_vrm,2011,2374
el_gs_vrm,2012,2923
el_gs_vrm,2013,2690
el_gs_vrm,2014,2901
el_gs_vrm,2015,2843
el_gs_vrm,2016,2952
el_gs_vrm,2017,3156
el_gs_vrm,2018,3004
el_gs_vrm,2019,3252
el_gs_vrm,2020,3332
el_gs_vrm,2021,3280
el_gs_vrm,2022,
el_gs_vrm,2023,
vtnf,2003,24
vtnf,2004,26
vtnf,2005,27
vtnf,2006,27
vtnf,2007,26
vtnf,2008,40
vtnf,2009,39
vtnf,2010,34
vtnf,2011,53
vtnf,2012,63
vtnf,2013,73
vtnf,2014,75
vtnf,2015,90
vtnf,2016,111
vtnf,2017,97
vtnf,2018,100
vtnf,2019,133
vtnf,2020,178
vtnf,2021,167
vtnf,2022,
vtnf,2023,
avl_ren,2003,1444
avl_ren,2004,1559
avl_ren,2005,1633
avl_ren,2006,1690
avl_ren,2007,1862
avl_ren,2008,2021
avl_ren,2009,2007
avl_ren,2010,2194
avl_ren,2011,2473
avl_ren,2012,2605
avl_ren,2013,2594
avl_ren,2014,2695
avl_ren,2015,2834
avl_ren,2016,2625
avl_ren,2017,2646
avl_ren,2018,2878
avl_ren,2019,2942
avl_ren,2020,3246
avl_ren,2021,3620
avl_ren,2022,
avl_ren,2023,
bygg,2003,1064
bygg,2004,1247
bygg,2005,1534
bygg,2006,1889
bygg,2007,2230
bygg,2008,2595
bygg,2009,2683
bygg,2010,3044
bygg,2011,3591
bygg,2012,4011
bygg,2013,4164
bygg,2014,4545
bygg,2015,5126
bygg,2016,5868
bygg,2017,6710
bygg,2018,7674
bygg,2019,8170
bygg,2020,8406
bygg,2021,9107
bygg,2022,
bygg,2023,
hnd_motc,2003,28
hnd_motc,2004,24
hnd_motc,2005,22
hnd_motc,2006,20
hnd_motc,2007,21
hnd_motc,2008,11
hnd_motc,2009,12
hnd_motc,2010,16
hnd_motc,2011,16
hnd_motc,2012,21
hnd_motc,2013,22
hnd_motc,2014,22
hnd_motc,2015,24
hnd_motc,2016,28
hnd_motc,2017,31
hnd_motc,2018,31
hnd_motc,2019,30
hnd_motc,2020,20
hnd_motc,2021,22
hnd_motc,2022,
hnd_motc,2023,
prt_prv,2003,344
prt_prv,2004,381
prt_prv,2005,354
prt_prv,2006,403
prt_prv,2007,468
prt_prv,2008,478
prt_prv,2009,464
prt_prv,2010,404
prt_prv,2011,395
prt_prv,2012,429
prt_prv,2013,420
prt_prv,2014,394
prt_prv,2015,402
prt_prv,2016,417
prt_prv,2017,433
prt_prv,2018,411
prt_prv,2019,443
prt_prv,2020,464
prt_prv,2021,513
prt_prv,2022,
prt_prv,2023,
det_hnd,2003,33
det_hnd,2004,27
det_hnd,2005,24
det_hnd,2006,27
det_hnd,2007,24
det_hnd,2008,27
det_hnd,2009,28
det_hnd,2010,35
det_hnd,2011,32
det_hnd,2012,36
det_hnd,2013,43
det_hnd,2014,36
det_hnd,2015,40
det_hnd,2016,29
det_hnd,2017,29
det_hnd,2018,26
det_hnd,2019,27
det_hnd,2020,28
det_hnd,2021,29
det_hnd,2022,
det_hnd,2023,
lnd_transp,2003,123
lnd_transp,2004,137
lnd_transp,2005,135
lnd_transp,2006,182
lnd_transp,2007,193
lnd_transp,2008,185
lnd_transp,2009,169
lnd_transp,2010,185
lnd_transp,2011,202
lnd_transp,2012,178
lnd_transp,2013,163
lnd_transp,2014,109
lnd_transp,2015,113
lnd_transp,2016,130
lnd_transp,2017,135
lnd_transp,2018,127
lnd_transp,2019,118
lnd_transp,2020,103
lnd_transp,2021,119
lnd_transp,2022,
lnd_transp,2023,
red,2003,1
red,2004,0
red,2005,0
red,2006,0
red,2007,0
red,2008,
red,2009,
red,2010,
red,2011,
red,2012,
red,2013,
red,2014,0
red,2015,0
red,2016,0
red,2017,0
red,2018,0
red,2019,
red,2020,
red,2021,
red,2022,
red,2023,
flg,2003,0
flg,2004,0
flg,2005,0
flg,2006,0
flg,2007,0
flg,2008,0
flg,2009,0
flg,2010,0
flg,2011,0
flg,2012,0
flg,2013,0
flg,2014,0
flg,2015,0
flg,2016,0
flg,2017,0
flg,2018,0
flg,2019,0
flg,2020,0
flg,2021,0
flg,2022,
flg,2023,
mag_std_trans,2003,17
mag_std_trans,2004,18
mag_std_trans,2005,19
mag_std_trans,2006,19
mag_std_trans,2007,18
mag_std_trans,2008,14
mag_std_trans,2009,8
mag_std_trans,2010,10
mag_std_trans,2011,13
mag_std_trans,2012,12
mag_std_trans,2013,12
mag_std_trans,2014,14
mag_std_trans,2015,21
mag_std_trans,2016,22
mag_std_trans,2017,17
mag_std_trans,2018,15
mag_std_trans,2019,23
mag_std_trans,2020,24
mag_std_trans,2021,23
mag_std_trans,2022,
mag_std_trans,2023,
htl_rest,2003,135
htl_rest,2004,209
htl_rest,2005,233
htl_rest,2006,279
htl_rest,2007,311
htl_rest,2008,341
htl_rest,2009,349
htl_rest,2010,329
htl_rest,2011,360
htl_rest,2012,392
htl_rest,2013,397
htl_rest,2014,371
htl_rest,2015,406
htl_rest,2016,427
htl_rest,2017,439
htl_rest,2018,432
htl_rest,2019,408
htl_rest,2020,391
htl_rest,2021,390
htl_rest,2022,
htl_rest,2023,
frlg,2003,13
frlg,2004,17
frlg,2005,22
frlg,2006,30
frlg,2007,34
frlg,2008,42
frlg,2009,37
frlg,2010,37
frlg,2011,22
frlg,2012,24
frlg,2013,24
frlg,2014,31
frlg,2015,33
frlg,2016,27
frlg,2017,22
frlg,2018,17
frlg,2019,21
frlg,2020,18
frlg,2021,24
frlg,2022,
frlg,2023,
flm_ljd_vid,2003,
flm_ljd_vid,2004,
flm_ljd_vid,2005,0
flm_ljd_vid,2006,0
flm_ljd_vid,2007,
flm_ljd_vid,2008,
flm_ljd_vid,2009,
flm_ljd_vid,2010,
flm_ljd_vid,2011,
flm_ljd_vid,2012,
flm_ljd_vid,2013,0
flm_ljd_vid,2014,0
flm_ljd_vid,2015,
flm_ljd_vid,2016,
flm_ljd_vid,2017,
flm_ljd_vid,2018,
flm_ljd_vid,2019,
flm_ljd_vid,2020,
flm_ljd_vid,2021,
flm_ljd_vid,2022,
flm_ljd_vid,2023,
telekom,2003,0
telekom,2004,0
telekom,2005,
telekom,2006,
telekom,2007,
telekom,2008,
telekom,2009,
telekom,2010,
telekom,2011,
telekom,2012,
telekom,2013,
telekom,2014,
telekom,2015,
telekom,2016,
telekom,2017,
telekom,2018,
telekom,2019,
telekom,2020,
telekom,2021,
telekom,2022,
telekom,2023,
prog_inf,2003,9
prog_inf,2004,6
prog_inf,2005,8
prog_inf,2006,6
prog_inf,2007,13
prog_inf,2008,14
prog_inf,2009,13
prog_inf,2010,17
prog_inf,2011,25
prog_inf,2012,25
prog_inf,2013,28
prog_inf,2014,28
prog_inf,2015,30
prog_inf,2016,29
prog_inf,2017,28
prog_inf,2018,32
prog_inf,2019,34
prog_inf,2020,31
prog_inf,2021,40
prog_inf,2022,
prog_inf,2023,
fst_frv,2003,89
fst_frv,2004,93
fst_frv,2005,78
fst_frv,2006,32
fst_frv,2007,10
fst_frv,2008,8
fst_frv,2009,8
fst_frv,2010,8
fst_frv,2011,18
fst_frv,2012,16
fst_frv,2013,14
fst_frv,2014,18
fst_frv,2015,19
fst_frv,2016,23
fst_frv,2017,19
fst_frv,2018,23
fst_frv,2019,21
fst_frv,2020,9
fst_frv,2021,13
fst_frv,2022,
fst_frv,2023,
jur_ek_hvd,2003,132
jur_ek_hvd,2004,135
jur_ek_hvd,2005,123
jur_ek_hvd,2006,119
jur_ek_hvd,2007,131
jur_ek_hvd,2008,138
jur_ek_hvd,2009,126
jur_ek_hvd,2010,143
jur_ek_hvd,2011,138
jur_ek_hvd,2012,150
jur_ek_hvd,2013,141
jur_ek_hvd,2014,149
jur_ek_hvd,2015,163
jur_ek_hvd,2016,197
jur_ek_hvd,2017,204
jur_ek_hvd,2018,162
jur_ek_hvd,2019,172
jur_ek_hvd,2020,154
jur_ek_hvd,2021,155
jur_ek_hvd,2022,
jur_ek_hvd,2023,
ark_tek_vet,2003,1673
ark_tek_vet,2004,1753
ark_tek_vet,2005,1860
ark_tek_vet,2006,2031
ark_tek_vet,2007,2245
ark_tek_vet,2008,2374
ark_tek_vet,2009,2224
ark_tek_vet,2010,2391
ark_tek_vet,2011,2269
ark_tek_vet,2012,2380
ark_tek_vet,2013,2379
ark_tek_vet,2014,2397
ark_tek_vet,2015,2545
ark_tek_vet,2016,2785
ark_tek_vet,2017,2901
ark_tek_vet,2018,3068
ark_tek_vet,2019,3184
ark_tek_vet,2020,3207
ark_tek_vet,2021,3533
ark_tek_vet,2022,
ark_tek_vet,2023,
rek_mrknd,2003,83
rek_mrknd,2004,99
rek_mrknd,2005,115
rek_mrknd,2006,110
rek_mrknd,2007,127
rek_mrknd,2008,147
rek_mrknd,2009,179
rek_mrknd,2010,191
rek_mrknd,2011,192
rek_mrknd,2012,204
rek_mrknd,2013,225
rek_mrknd,2014,210
rek_mrknd,2015,196
rek_mrknd,2016,204
rek_mrknd,2017,237
rek_mrknd,2018,240
rek_mrknd,2019,241
rek_mrknd,2020,251
rek_mrknd,2021,252
rek_mrknd,2022,
rek_mrknd,2023,
uthyr,2003,1
uthyr,2004,2
uthyr,2005,2
uthyr,2006,2
uthyr,2007,2
uthyr,2008,12
uthyr,2009,16
uthyr,2010,21
uthyr,2011,23
uthyr,2012,25
uthyr,2013,28
uthyr,2014,34
uthyr,2015,33
uthyr,2016,42
uthyr,2017,50
uthyr,2018,55
uthyr,2019,58
uthyr,2020,62
uthyr,2021,80
uthyr,2022,
uthyr,2023,
arbf_res,2003,320
arbf_res,2004,327
arbf_res,2005,303
arbf_res,2006,300
arbf_res,2007,333
arbf_res,2008,320
arbf_res,2009,297
arbf_res,2010,201
arbf_res,2011,204
arbf_res,2012,214
arbf_res,2013,231
arbf_res,2014,260
arbf_res,2015,272
arbf_res,2016,261
arbf_res,2017,230
arbf_res,2018,250
arbf_res,2019,244
arbf_res,2020,220
arbf_res,2021,209
arbf_res,2022,
arbf_res,2023,
utbild,2003,49
utbild,2004,69
utbild,2005,71
utbild,2006,71
utbild,2007,78
utbild,2008,77
utbild,2009,68
utbild,2010,86
utbild,2011,66
utbild,2012,111
utbild,2013,101
utbild,2014,100
utbild,2015,99
utbild,2016,122
utbild,2017,113
utbild,2018,106
utbild,2019,115
utbild,2020,116
utbild,2021,128
utbild,2022,
utbild,2023,
hls_sjkvrd,2003,1
hls_sjkvrd,2004,1
hls_sjkvrd,2005,5
hls_sjkvrd,2006,2
hls_sjkvrd,2007,5
hls_sjkvrd,2008,5
hls_sjkvrd,2009,7
hls_sjkvrd,2010,6
hls_sjkvrd,2011,6
hls_sjkvrd,2012,6
hls_sjkvrd,2013,4
hls_sjkvrd,2014,1
hls_sjkvrd,2015,1
hls_sjkvrd,2016,
hls_sjkvrd,2017,
hls_sjkvrd,2018,
hls_sjkvrd,2019,
hls_sjkvrd,2020,
hls_sjkvrd,2021,
hls_sjkvrd,2022,
hls_sjkvrd,2023,
vrd_oms,2003,
vrd_oms,2004,
vrd_oms,2005,
vrd_oms,2006,
vrd_oms,2007,
vrd_oms,2008,
vrd_oms,2009,
vrd_oms,2010,
vrd_oms,2011,
vrd_oms,2012,
vrd_oms,2013,
vrd_oms,2014,
vrd_oms,2015,
vrd_oms,2016,
vrd_oms,2017,
vrd_oms,2018,0
vrd_oms,2019,0
vrd_oms,2020,0
vrd_oms,2021,0
vrd_oms,2022,
vrd_oms,2023,
kult_frit,2003,100
kult_frit,2004,96
kult_frit,2005,106
kult_frit,2006,121
kult_frit,2007,147
kult_frit,2008,176
kult_frit,2009,181
kult_frit,2010,179
kult_frit,2011,161
kult_frit,2012,156
kult_frit,2013,208
kult_frit,2014,175
kult_frit,2015,174
kult_frit,2016,204
kult_frit,2017,222
kult_frit,2018,206
kult_frit,2019,194
kult_frit,2020,179
kult_frit,2021,230
kult_frit,2022,
kult_frit,2023,
ann_serv,2003,69
ann_serv,2004,70
ann_serv,2005,88
ann_serv,2006,106
ann_serv,2007,110
ann_serv,2008,122
ann_serv,2009,82
ann_serv,2010,96
ann_serv,2011,99
ann_serv,2012,96
ann_serv,2013,103
ann_serv,2014,110
ann_serv,2015,111
ann_serv,2016,99
ann_serv,2017,99
ann_serv,2018,106
ann_serv,2019,96
ann_serv,2020,93
ann_serv,2021,96
ann_serv,2022,
ann_serv,2023,
off_sek,2003,3366
off_sek,2004,3369
off_sek,2005,3409
off_sek,2006,3680
off_sek,2007,3744
off_sek,2008,3555
off_sek,2009,3187
off_sek,2010,3460
off_sek,2011,3850
off_sek,2012,3766
off_sek,2013,3740
off_sek,2014,3785
off_sek,2015,4025
off_sek,2016,4269
off_sek,2017,4405
off_sek,2018,4701
off_sek,2019,4806
off_sek,2020,4894
off_sek,2021,4952
off_sek,2022,
off_sek,2023,
hsh_icke,2003,
hsh_icke,2004,
hsh_icke,2005,
hsh_icke,2006,
hsh_icke,2007,
hsh_icke,2008,326
hsh_icke,2009,356
hsh_icke,2010,308
hsh_icke,2011,328
hsh_icke,2012,348
hsh_icke,2013,376
hsh_icke,2014,397
hsh_icke,2015,405
hsh_icke,2016,394
hsh_icke,2017,404
hsh_icke,2018,401
hsh_icke,2019,461
hsh_icke,2020,465
hsh_icke,2021,495
hsh_icke,2022,
hsh_icke,2023,
tot,2003,14364
tot,2004,15223
tot,2005,15684
tot,2006,17177
tot,2007,19223
tot,2008,19559
tot,2009,18765
tot,2010,19359
tot,2011,21428
tot,2012,22658
tot,2013,22470
tot,2014,23225
tot,2015,24437
tot,2016,25675
tot,2017,26882
tot,2018,28476
tot,2019,29608
tot,2020,30391
tot,2021,32247
tot,2022,
tot,2023,
